query,page,clicks,impressions,ctr,position
crm for clinics,/clinic-crm-guide,45,1200,0.0375,8
clinic management software,/best-clinic-management-software,67,900,0.0744,6
patient management system,/manage-patient-records,23,700,0.0329,14
best clinic software,/best-clinic-management-software,89,2100,0.0424,4
how to choose clinic software,/clinic-software-guide,34,500,0.068,11
clinic crm pricing,/clinic-crm-guide,12,300,0.04,18
what is patient management,/manage-patient-records,5,150,0.0333,22
clinic software comparison,/clinic-software-comparison,56,1800,0.0311,7
top clinic tools 2026,/blog/clinic-tools,78,3200,0.0244,3
clinic software for small business,/clinic-crm-guide,33,800,0.0413,12
patient record software,/manage-patient-records,41,1100,0.0373,9
clinic management guide,/clinic-management-guide,8,400,0.02,16
best crm for healthcare,/healthcare-crm-guide,95,4500,0.0211,2
clinic software reviews,/clinic-software-reviews,29,600,0.0483,15
how clinics manage records,/manage-patient-records,15,250,0.06,19
clinic software demo,/clinic-crm-guide,7,180,0.0389,25
clinic software features,/clinic-software-guide,22,550,0.04,10
clinic software cost,/clinic-crm-guide,19,420,0.0452,17
clinic software for accountants,/clinic-software-guide,3,80,0.0375,28
clinic software benefits,/clinic-software-guide,11,350,0.0314,13
